,Datetime,Horse,Type,Location,Price,Midpoint Price,Amount,Venue,Midpoint Percentage
0,04-01-2023,Abreed,RaceType.HORSE_RACE,AUS,8.5,8.341065830721003,,Geelong,0.9813018624377651
1,04-01-2023,Angry Ann,RaceType.GREYHOUND_RACE,AUS,6.5,6.182857142857143,,Richmond,0.9512087912087913
2,04-01-2023,Another Cognac,RaceType.HORSE_RACE,AUS,6.5,6.382608695652174,,Warwick Farm,0.9819397993311038
3,04-01-2023,Big Time Brynley,RaceType.GREYHOUND_RACE,AUS,1.8,1.7341721854304637,,Manawatu,0.9634289919058131
4,04-01-2023,Candy Kaos,RaceType.GREYHOUND_RACE,AUS,5.0,4.75,,Taree,0.95
5,04-01-2023,Chilli On Ice,RaceType.GREYHOUND_RACE,AUS,8.5,8.597142857142856,,Gawler,1.0114285714285713
6,04-01-2023,Cracking Force,RaceType.GREYHOUND_RACE,AUS,2.5,2.428323699421965,,Capalaba,0.971329479768786
7,04-01-2023,Cruzin Ace,RaceType.GREYHOUND_RACE,AUS,2.2,2.17,,Taree,0.9863636363636362
8,04-01-2023,Demando,RaceType.HORSE_RACE,AUS,7.5,7.4,,Geelong,0.9866666666666667
9,04-01-2023,Drink Then Kiss,RaceType.HORSE_RACE,AUS,4.8,4.5346153846153845,,Mount Gambier,0.9447115384615384
10,04-01-2023,Gable,RaceType.GREYHOUND_RACE,AUS,7.0,6.830769230769231,,Gawler,0.9758241758241759
11,04-01-2023,Go Goose Go,RaceType.GREYHOUND_RACE,AUS,7.0,6.937931034482759,,Gawler,0.9911330049261083
12,04-01-2023,Goddess Of War,RaceType.GREYHOUND_RACE,AUS,6.5,6.788888888888889,,Taree,1.0444444444444445
13,04-01-2023,Got No Torque,RaceType.GREYHOUND_RACE,AUS,3.5,3.316666666666667,,Capalaba,0.9476190476190477
14,04-01-2023,Johnny Baha,RaceType.GREYHOUND_RACE,AUS,7.5,7.285714285714286,,Capalaba,0.9714285714285714
15,04-01-2023,Junior Marjen,RaceType.GREYHOUND_RACE,AUS,6.0,5.801851851851851,,Bendigo,0.9669753086419752
16,04-01-2023,Lektra Flying,RaceType.GREYHOUND_RACE,AUS,5.5,5.071428571428572,,Bendigo,0.9220779220779222
17,04-01-2023,Little Olivia,RaceType.GREYHOUND_RACE,AUS,4.8,4.415384615384616,,Taree,0.9198717948717949
18,04-01-2023,Magnetic Prince,RaceType.HORSE_RACE,AUS,8.0,7.70625,,Geelong,0.96328125
19,04-01-2023,Opawa Ziva,RaceType.GREYHOUND_RACE,AUS,3.0,2.953333333333333,,Manawatu,0.9844444444444443
20,04-01-2023,Rosalia,RaceType.HORSE_RACE,AUS,6.5,6.287472527472528,,Geelong,0.9673034657650044
21,04-01-2023,Sachem,RaceType.HORSE_RACE,AUS,3.7,3.648341232227488,,Geelong,0.9860381708722941
22,04-01-2023,Tabasco Lad,RaceType.GREYHOUND_RACE,AUS,2.6,2.5421428571428573,,The Meadows,0.9777472527472527
23,04-01-2023,Tralee Revenge,RaceType.GREYHOUND_RACE,AUS,1.55,1.5225,,Taree,0.982258064516129
24,04-01-2023,Tramontana,RaceType.HORSE_RACE,AUS,8.0,7.76140350877193,,Geelong,0.9701754385964912
25,04-01-2023,Worry Less,RaceType.GREYHOUND_RACE,AUS,4.2,4.0,,The Meadows,0.9523809523809523
26,05-01-2023,Becks Monelli,RaceType.GREYHOUND_RACE,AUS,1.55,1.548888888888889,,Angle Park,0.9992831541218639
27,05-01-2023,Bejiggity,RaceType.TROT_RACE,AUS,6.5,6.556862745098039,,Redcliffe,1.0087481146304675
28,05-01-2023,Chief Artie,RaceType.HORSE_RACE,AUS,3.2,2.545217391304348,,Gatton,0.7953804347826088
29,05-01-2023,Dark Krystal,RaceType.GREYHOUND_RACE,AUS,9.0,8.688888888888888,,Shepparton,0.965432098765432
30,05-01-2023,Eagle Uno,RaceType.TROT_RACE,AUS,5.0,4.725,,Tamworth,0.945
31,05-01-2023,Expensive To Keep,RaceType.HORSE_RACE,AUS,10.0,8.80952380952381,,Gatton,0.880952380952381
32,05-01-2023,Five Mile Rose,RaceType.GREYHOUND_RACE,AUS,3.4,3.3765625,,Gunnedah,0.9931066176470589
33,05-01-2023,Forche,RaceType.HORSE_RACE,AUS,3.2,3.185344827586207,,Gatton,0.9954202586206896
34,05-01-2023,Furious Angel,RaceType.GREYHOUND_RACE,AUS,3.1,2.9916666666666667,,Warragul,0.9650537634408602
35,05-01-2023,Garratt Road,RaceType.HORSE_RACE,AUS,5.5,5.309589041095891,,Wagga,0.9653798256537983
36,05-01-2023,Great Devotion,RaceType.HORSE_RACE,USA,2.6,2.702,,Charles Town,1.0392307692307692
37,05-01-2023,Happy As,RaceType.TROT_RACE,AUS,6.0,5.770588235294118,,Tamworth,0.961764705882353
38,05-01-2023,Heleva Deel,RaceType.HORSE_RACE,AUS,3.4,3.313043478260869,,Gatton,0.9744245524296674
39,05-01-2023,I Am Fearless,RaceType.HORSE_RACE,AUS,6.5,6.40952380952381,,Gatton,0.9860805860805861
40,05-01-2023,Invaness,RaceType.HORSE_RACE,AUS,5.5,5.2637931034482754,,Gatton,0.9570532915360501
41,05-01-2023,Invertational,RaceType.HORSE_RACE,AUS,2.1,1.9518421052631576,,Wagga,0.9294486215538845
42,05-01-2023,Les Goh,RaceType.HORSE_RACE,AUS,6.0,5.706849315068493,,Wagga,0.9511415525114155
43,05-01-2023,Open Sky,RaceType.HORSE_RACE,AUS,8.0,7.606968641114983,,Wagga,0.9508710801393728
44,05-01-2023,Our Roys Dream,RaceType.TROT_RACE,AUS,6.5,5.92,,Tamworth,0.9107692307692308
45,05-01-2023,Pheebles Spirit,RaceType.HORSE_RACE,AUS,8.0,7.731210191082803,,Gatton,0.9664012738853504
46,05-01-2023,Primed For Victory,RaceType.HORSE_RACE,AUS,3.1,2.999090909090909,,Gatton,0.9674486803519061
47,05-01-2023,Rawhide Hand,RaceType.GREYHOUND_RACE,AUS,10.0,9.5,,Warragul,0.95
48,05-01-2023,Rocco Variety,RaceType.TROT_RACE,AUS,4.2,4.755555555555556,,Redcliffe,1.1322751322751323
49,05-01-2023,Secret Cash,RaceType.HORSE_RACE,AUS,3.9,3.775,,Gatton,0.967948717948718
50,05-01-2023,Siasha Jewel,RaceType.HORSE_RACE,AUS,4.4,4.105,,Wagga,0.9329545454545455
51,05-01-2023,Simon The Pieman,RaceType.GREYHOUND_RACE,AUS,6.0,5.8296875,,Addington,0.9716145833333334
52,05-01-2023,Sir Les,RaceType.GREYHOUND_RACE,AUS,3.0,2.959512195121951,,Warragul,0.9865040650406504
53,05-01-2023,Sly Corner,RaceType.HORSE_RACE,AUS,6.0,5.581818181818182,,Gatton,0.9303030303030303
54,05-01-2023,Zacharooni,RaceType.TROT_RACE,AUS,4.8,4.421681415929204,,Tamworth,0.9211836283185842
55,05-01-2023,Zambrana,RaceType.GREYHOUND_RACE,AUS,6.5,6.327272727272727,,Warragul,0.9734265734265735
56,06-01-2023,Americas Woman,RaceType.HORSE_RACE,USA,8.0,7.411111111111111,,Charles Town,0.9263888888888889
57,06-01-2023,Ashim,RaceType.HORSE_RACE,AUS,10.0,9.890756302521009,,Stawell,0.9890756302521009
58,06-01-2023,Baby Thor,RaceType.GREYHOUND_RACE,AUS,5.0,4.6909090909090905,,Rockhampton,0.9381818181818181
59,06-01-2023,Baptiste,RaceType.GREYHOUND_RACE,AUS,2.25,2.39375,,Addington,1.0638888888888889
60,06-01-2023,Bell Ringer Boy,RaceType.HORSE_RACE,AUS,7.5,7.16,,Hobart,0.9546666666666667
61,06-01-2023,Big Time Tesla,RaceType.GREYHOUND_RACE,AUS,7.0,6.511111111111111,,Manawatu,0.9301587301587302
62,06-01-2023,Bigger Than Thorn,RaceType.HORSE_RACE,AUS,6.0,5.472,,Mackay,0.912
63,06-01-2023,Blackpool Dill,RaceType.GREYHOUND_RACE,AUS,5.5,5.18,,Bendigo,0.9418181818181818
64,06-01-2023,Blowup,RaceType.TROT_RACE,AUS,5.5,5.181818181818182,,Newcastle,0.9421487603305785
65,06-01-2023,Blue Bathers,RaceType.GREYHOUND_RACE,AUS,1.85,1.8166666666666669,,Rockhampton,0.981981981981982
66,06-01-2023,Blue Ruby,RaceType.GREYHOUND_RACE,AUS,5.5,5.227868852459016,,Bendigo,0.9505216095380029
67,06-01-2023,Boxing On,RaceType.GREYHOUND_RACE,AUS,8.5,8.285714285714286,,Ipswich,0.9747899159663866
68,06-01-2023,Boy From Hill,RaceType.GREYHOUND_RACE,AUS,4.4,3.9,,Gawler,0.8863636363636362
69,06-01-2023,Bucks Lodge,RaceType.HORSE_RACE,USA,5.0,4.884905660377359,,Charles Town,0.9769811320754718
70,06-01-2023,Catch Me Nero,RaceType.GREYHOUND_RACE,AUS,10.0,9.466666666666669,,Gawler,0.9466666666666669
71,06-01-2023,Chartered Course,RaceType.HORSE_RACE,USA,8.0,7.714285714285714,,Charles Town,0.9642857142857143
72,06-01-2023,Cheermeonimdancin,RaceType.TROT_RACE,AUS,10.0,9.575,,Ballarat,0.9574999999999999
73,06-01-2023,Dragons Snip,RaceType.HORSE_RACE,AUS,6.0,5.6816,,Mackay,0.9469333333333334
74,06-01-2023,Drunken Lullaby,RaceType.GREYHOUND_RACE,AUS,8.0,7.258823529411766,,Manawatu,0.9073529411764707
75,06-01-2023,Dulcimer Dame,RaceType.HORSE_RACE,USA,2.0,1.8812903225806448,,Charles Town,0.9406451612903224
76,06-01-2023,Edification,RaceType.HORSE_RACE,AUS,4.8,4.420930232558139,,Mackay,0.9210271317829457
77,06-01-2023,Ellen Shannon,RaceType.TROT_RACE,AUS,6.0,5.658064516129032,,Bathurst,0.943010752688172
78,06-01-2023,Florey Bale,RaceType.GREYHOUND_RACE,AUS,1.95,1.8332,,Bendigo,0.9401025641025641
79,06-01-2023,Gee Gee Miss Quita,RaceType.HORSE_RACE,AUS,6.0,5.836170212765958,,Hobart,0.972695035460993
80,06-01-2023,Gee Gee True Story,RaceType.HORSE_RACE,AUS,10.0,9.791011235955056,,Hobart,0.9791011235955056
81,06-01-2023,Grumpee,RaceType.TROT_RACE,AUS,8.0,7.32,,Ballarat,0.915
82,06-01-2023,Just Dessy,RaceType.TROT_RACE,AUS,5.5,5.383333333333334,,Albion Park,0.9787878787878789
83,06-01-2023,Komachi,RaceType.HORSE_RACE,AUS,3.9,3.9304597701149424,,Stawell,1.00781019746537
84,06-01-2023,Leibert Lass,RaceType.HORSE_RACE,AUS,8.0,7.485714285714286,,Mackay,0.9357142857142857
85,06-01-2023,Lets Party,RaceType.GREYHOUND_RACE,AUS,10.0,9.4,,Addington,0.9400000000000001
86,06-01-2023,Louis January,RaceType.HORSE_RACE,AUS,3.1,3.111111111111111,,Mackay,1.003584229390681
87,06-01-2023,Marty The Martian,RaceType.TROT_RACE,AUS,6.5,6.342857142857143,,Albion Park,0.9758241758241759
88,06-01-2023,Milky Rocket,RaceType.HORSE_RACE,AUS,4.4,4.287654320987654,,Mackay,0.9744668911335577
89,06-01-2023,Miss Lauren,RaceType.HORSE_RACE,USA,5.5,5.2,,Charles Town,0.9454545454545454
90,06-01-2023,Mitcham Xena,RaceType.GREYHOUND_RACE,AUS,6.5,6.130232558139535,,Addington,0.9431127012522361
91,06-01-2023,Mitcham Zorro,RaceType.GREYHOUND_RACE,AUS,8.0,7.652173913043478,,Addington,0.9565217391304347
92,06-01-2023,Never Compromise,RaceType.HORSE_RACE,USA,5.5,5.155555555555555,,Charles Town,0.9373737373737373
93,06-01-2023,Next Stop,RaceType.GREYHOUND_RACE,AUS,10.0,9.333333333333332,,Rockhampton,0.9333333333333332
94,06-01-2023,October Racketeer,RaceType.TROT_RACE,AUS,8.5,7.75,,Albion Park,0.9117647058823529
95,06-01-2023,Opawa Warrior,RaceType.GREYHOUND_RACE,AUS,3.0,2.892857142857143,,Addington,0.9642857142857143
96,06-01-2023,Pentegra,RaceType.HORSE_RACE,AUS,4.4,4.241666666666667,,Stawell,0.9640151515151515
97,06-01-2023,Pretty Slick,RaceType.HORSE_RACE,AUS,2.0,1.9890948275862068,,Mackay,0.9945474137931034
98,06-01-2023,Red Fourteen,RaceType.TROT_RACE,AUS,3.0,2.9363636363636365,,Wagga,0.9787878787878789
99,06-01-2023,Regulus,RaceType.TROT_RACE,AUS,6.5,6.128571428571429,,Albion Park,0.942857142857143
100,06-01-2023,Replica Rosco,RaceType.GREYHOUND_RACE,AUS,8.5,8.25,,Addington,0.9705882352941176
101,06-01-2023,Roanne,RaceType.GREYHOUND_RACE,AUS,1.6,99996.0,,Addington,62497.5
102,06-01-2023,Scarlet Bling,RaceType.TROT_RACE,AUS,3.3,3.0733333333333333,,Bathurst,0.9313131313131313
103,06-01-2023,Schatzi,RaceType.HORSE_RACE,AUS,6.5,6.293203883495146,,Mackay,0.968185212845407
104,06-01-2023,Shalaga,RaceType.HORSE_RACE,AUS,8.5,8.373006134969325,,Stawell,0.9850595452905088
105,06-01-2023,Shannonsideal,RaceType.TROT_RACE,AUS,6.5,5.056603773584905,,Bathurst,0.7779390420899854
106,06-01-2023,Sheezabigdeel,RaceType.HORSE_RACE,AUS,6.0,5.751351351351351,,Stawell,0.9585585585585585
107,06-01-2023,Sheriffs Kid,RaceType.HORSE_RACE,USA,7.0,6.457142857142857,,Charles Town,0.9224489795918368
108,06-01-2023,Sheza Daydreama,RaceType.TROT_RACE,AUS,2.35,2.23,,Wagga,0.9489361702127659
109,06-01-2023,Siberian Route,RaceType.HORSE_RACE,AUS,10.0,9.668085106382978,,Mackay,0.9668085106382979
110,06-01-2023,Sir Bitesalot,RaceType.HORSE_RACE,AUS,10.0,9.423529411764706,,Stawell,0.9423529411764706
111,06-01-2023,Sleepy Joe,RaceType.GREYHOUND_RACE,AUS,5.5,5.276470588235294,,Rockhampton,0.9593582887700535
112,06-01-2023,Spirit King,RaceType.TROT_RACE,AUS,3.5,3.2514598540145987,,Newcastle,0.9289885297184568
113,06-01-2023,Tulhurst Cuddles,RaceType.TROT_RACE,AUS,4.6,4.162068965517242,,Albion Park,0.9047976011994004
114,06-01-2023,Valid Reason,RaceType.HORSE_RACE,USA,7.5,5.666666666666667,,Charles Town,0.7555555555555556
115,06-01-2023,Way Too Soft,RaceType.GREYHOUND_RACE,AUS,6.5,6.282352941176471,,Gawler,0.9665158371040725
116,07-01-2023,Aldebaran Zeus,RaceType.TROT_RACE,AUS,10.0,9.27,,Bendigo,0.9269999999999999
117,07-01-2023,Annika,RaceType.HORSE_RACE,AUS,10.0,9.888636363636364,,Gawler,0.9888636363636364
118,07-01-2023,Aussie Sojourn,RaceType.HORSE_RACE,AUS,6.0,5.734285714285714,,Gawler,0.9557142857142856
119,07-01-2023,Beach Magic,RaceType.TROT_RACE,AUS,10.0,9.461538461538462,,Albion Park,0.9461538461538461
120,07-01-2023,Bend The Knee,RaceType.HORSE_RACE,AUS,10.0,9.646153846153846,,Rosehill,0.9646153846153845
121,07-01-2023,Betterthan Popsy,RaceType.TROT_RACE,AUS,6.5,6.037837837837838,,Albion Park,0.928898128898129
122,07-01-2023,Blue Tick Maya,RaceType.GREYHOUND_RACE,AUS,2.6,2.4548837209302325,,The Meadows,0.9441860465116279
123,07-01-2023,Bonny Ezra,RaceType.HORSE_RACE,AUS,8.5,8.068,,Rosehill,0.9491764705882353
124,07-01-2023,Bucked Tooth,RaceType.HORSE_RACE,USA,10.0,9.52,,Charles Town,0.952
125,07-01-2023,Busting,RaceType.HORSE_RACE,AUS,3.9,3.722648083623693,,Gold Coast,0.9545251496471008
126,07-01-2023,Capital Flight,RaceType.HORSE_RACE,AUS,5.5,4.852941176470589,,Ascot,0.8823529411764707
127,07-01-2023,Cassius Deck,RaceType.TROT_RACE,AUS,5.5,5.134482758620689,,Menangle,0.9335423197492162
128,07-01-2023,Corfe Castle,RaceType.HORSE_RACE,AUS,8.0,7.634408602150537,,Gold Coast,0.9543010752688171
129,07-01-2023,Cuban Royale,RaceType.HORSE_RACE,AUS,7.0,6.56,,Rosehill,0.937142857142857
130,07-01-2023,Daytona,RaceType.HORSE_RACE,AUS,10.0,9.762130177514791,,Gold Coast,0.9762130177514792
131,07-01-2023,Debit Card,RaceType.HORSE_RACE,USA,1.85,1.750077519379845,,Charles Town,0.9459878483134297
132,07-01-2023,Debs Ellie,RaceType.HORSE_RACE,AUS,7.0,6.774096385542168,,Ipswich,0.9677280550774526
133,07-01-2023,Desert Safari,RaceType.HORSE_RACE,AUS,9.0,8.531578947368422,,Gold Coast,0.9479532163742691
134,07-01-2023,Esperannna,RaceType.HORSE_RACE,USA,4.4,4.075,,Charles Town,0.9261363636363636
135,07-01-2023,Fine Line,RaceType.HORSE_RACE,AUS,9.0,8.707692307692309,,Ascot,0.9675213675213676
136,07-01-2023,Flyway,RaceType.HORSE_RACE,AUS,10.0,9.77391304347826,,Gawler,0.977391304347826
137,07-01-2023,Getouttheway,RaceType.HORSE_RACE,AUS,6.0,6.091428571428572,,Gawler,1.0152380952380953
138,07-01-2023,Gleefilly,RaceType.HORSE_RACE,AUS,6.0,5.588461538461538,,Wyong,0.9314102564102563
139,07-01-2023,Goalkicker,RaceType.TROT_RACE,AUS,10.0,9.455555555555556,,Albion Park,0.9455555555555556
140,07-01-2023,Goddess Of Giving,RaceType.HORSE_RACE,AUS,4.8,4.683783783783784,,Ascot,0.9757882882882883
141,07-01-2023,Goelitz,RaceType.TROT_RACE,AUS,8.0,7.106976744186047,,Albion Park,0.8883720930232559
142,07-01-2023,Grand Fiber,RaceType.HORSE_RACE,USA,5.0,4.542857142857143,,Charles Town,0.9085714285714286
143,07-01-2023,Incineration,RaceType.GREYHOUND_RACE,AUS,9.0,8.464864864864865,,Warrnambool,0.9405405405405405
144,07-01-2023,Jaazeb,RaceType.HORSE_RACE,AUS,8.0,7.733333333333333,,Gawler,0.9666666666666667
145,07-01-2023,Jumpin Jack Brass,RaceType.HORSE_RACE,USA,2.45,2.26,,Charles Town,0.9224489795918366
146,07-01-2023,Keep It Black,RaceType.GREYHOUND_RACE,AUS,6.5,6.09,,Warrnambool,0.9369230769230769
147,07-01-2023,Kobestar,RaceType.HORSE_RACE,AUS,10.0,9.620626631853783,,Ipswich,0.9620626631853784
148,07-01-2023,La Maddalena,RaceType.HORSE_RACE,USA,5.0,4.685714285714286,,Charles Town,0.9371428571428572
149,07-01-2023,Lamonica,RaceType.GREYHOUND_RACE,AUS,2.4,2.2748717948717947,,Warrnambool,0.9478632478632478
150,07-01-2023,Lanoch Boy,RaceType.TROT_RACE,AUS,5.0,4.7444444444444445,,Albion Park,0.9488888888888889
151,07-01-2023,Lektra Dish,RaceType.GREYHOUND_RACE,AUS,4.0,3.69375,,Traralgon,0.9234375
152,07-01-2023,Liquid Louie,RaceType.HORSE_RACE,USA,7.5,6.569230769230769,,Charles Town,0.8758974358974358
153,07-01-2023,Lovelorn,RaceType.TROT_RACE,AUS,5.5,5.201066666666667,,Globe Derby,0.9456484848484848
154,07-01-2023,Lovetheinvasion,RaceType.HORSE_RACE,AUS,7.5,7.323404255319149,,Rosehill,0.9764539007092199
155,07-01-2023,Martha Lavinia,RaceType.HORSE_RACE,AUS,4.6,4.25,,Werribee,0.923913043478261
156,07-01-2023,Master Of Menace,RaceType.HORSE_RACE,AUS,10.0,9.253333333333332,,Ipswich,0.9253333333333332
157,07-01-2023,Max Delight,RaceType.TROT_RACE,AUS,9.0,8.48,,Bendigo,0.9422222222222223
158,07-01-2023,Means Business,RaceType.GREYHOUND_RACE,AUS,2.9,2.741118881118881,,Traralgon,0.9452134072823728
159,07-01-2023,Mepunga Warrior,RaceType.GREYHOUND_RACE,AUS,4.8,4.55,,The Meadows,0.9479166666666666
160,07-01-2023,Midnight Rush,RaceType.HORSE_RACE,AUS,5.5,5.369252077562327,,Gawler,0.9762276504658776
161,07-01-2023,Miss Miduki,RaceType.HORSE_RACE,AUS,3.9,3.785,,Gawler,0.9705128205128206
162,07-01-2023,Mister Hemsworth,RaceType.HORSE_RACE,AUS,8.5,8.932500000000001,,Wyong,1.0508823529411766
163,07-01-2023,Mo Town Gal,RaceType.HORSE_RACE,USA,7.0,5.955555555555556,,Golden Gate Fields,0.8507936507936508
164,07-01-2023,More Special,RaceType.HORSE_RACE,AUS,2.35,2.8489320388349517,,Ascot,1.2123115058872134
165,07-01-2023,My Nans Epic,RaceType.GREYHOUND_RACE,AUS,9.0,8.342857142857143,,Cannington,0.926984126984127
166,07-01-2023,Noble Soldier,RaceType.HORSE_RACE,AUS,8.0,6.476923076923077,,Rosehill,0.8096153846153846
167,07-01-2023,Obi,RaceType.HORSE_RACE,AUS,7.5,7.158024691358025,,Gawler,0.95440329218107
168,07-01-2023,On Advice,RaceType.TROT_RACE,AUS,10.0,9.213333333333331,,Menangle,0.9213333333333331
169,07-01-2023,Orsetto,RaceType.HORSE_RACE,AUS,2.6,2.2156687898089173,,Ipswich,0.8521803037726605
170,07-01-2023,Polish The Diamond,RaceType.HORSE_RACE,USA,6.0,5.622222222222223,,Charles Town,0.9370370370370371
171,07-01-2023,Quest For Extra,RaceType.GREYHOUND_RACE,AUS,1.95,1.9409756097560973,,Angle Park,0.9953721075672294
172,07-01-2023,Rippin Grace,RaceType.GREYHOUND_RACE,AUS,1.95,1.8229113924050635,,Cannington,0.9348263550795197
173,07-01-2023,Samedi,RaceType.HORSE_RACE,AUS,3.5,3.4257954545454545,,Werribee,0.9787987012987013
174,07-01-2023,Sargent Kobe,RaceType.HORSE_RACE,USA,10.0,9.409302325581397,,Charles Town,0.9409302325581397
175,07-01-2023,Scotty Silver,RaceType.HORSE_RACE,USA,10.0,9.166666666666668,,Charles Town,0.9166666666666667
176,07-01-2023,Scruffy Doolan,RaceType.TROT_RACE,AUS,4.2,3.905844155844156,,Albion Park,0.9299628942486086
177,07-01-2023,Sebon Toe Less,RaceType.GREYHOUND_RACE,AUS,3.9,3.67625,,Angle Park,0.9426282051282051
178,07-01-2023,Secret War,RaceType.HORSE_RACE,AUS,3.2,3.1325783972125434,,Gawler,0.9789307491289198
179,07-01-2023,Shesa Pocketrocket,RaceType.TROT_RACE,AUS,10.0,8.453333333333333,,Albion Park,0.8453333333333333
180,07-01-2023,Sir Lucas,RaceType.TROT_RACE,AUS,5.0,4.7,,Globe Derby,0.9400000000000001
181,07-01-2023,Smokin Lady,RaceType.HORSE_RACE,USA,5.5,5.366666666666667,,Charles Town,0.9757575757575758
182,07-01-2023,Streaka,RaceType.HORSE_RACE,AUS,7.5,6.906024096385542,,Gold Coast,0.9208032128514055
183,07-01-2023,Stryda,RaceType.HORSE_RACE,USA,1.9,1.75,,Charles Town,0.9210526315789475
184,07-01-2023,Tennis Tap,RaceType.HORSE_RACE,USA,6.5,6.051428571428572,,Charles Town,0.930989010989011
185,07-01-2023,Test The Law,RaceType.HORSE_RACE,AUS,6.0,5.863253012048193,,Gawler,0.9772088353413655
186,07-01-2023,Titanium Power,RaceType.HORSE_RACE,AUS,9.0,8.05858123569794,,Rosehill,0.8953979150775488
187,07-01-2023,Towering Star,RaceType.GREYHOUND_RACE,AUS,4.4,4.127272727272727,,Angle Park,0.9380165289256197
188,07-01-2023,Universal Playboy,RaceType.HORSE_RACE,AUS,8.0,8.329914529914529,,Ascot,1.041239316239316
189,07-01-2023,Western Style,RaceType.TROT_RACE,AUS,6.0,5.683582089552239,,Menangle,0.9472636815920398
190,07-01-2023,Wineglass Bay,RaceType.HORSE_RACE,AUS,5.5,5.353768844221106,,Rosehill,0.9734125171311102
191,07-01-2023,Worx,RaceType.HORSE_RACE,AUS,6.5,6.363636363636364,,Gold Coast,0.9790209790209791
192,07-12-2022,Aston Georgina,RaceType.GREYHOUND_RACE,AUS,2.0,1.944,,Ballarat,0.972
193,07-12-2022,Call Me Marley,RaceType.GREYHOUND_RACE,AUS,3.9,3.84375,,Ballarat,0.9855769230769231
194,07-12-2022,Casrock,RaceType.HORSE_RACE,AUS,2.7,2.645,,Ipswich,0.9796296296296295
195,07-12-2022,Chosen Eagle,RaceType.HORSE_RACE,AUS,7.5,7.338461538461539,,Launceston,0.9784615384615385
196,07-12-2022,Comealilbitcloser,RaceType.HORSE_RACE,AUS,5.5,5.306349206349207,,Ascot,0.9647907647907649
197,07-12-2022,Dr Boone,RaceType.GREYHOUND_RACE,AUS,2.5,2.4646153846153847,,Traralgon,0.9858461538461538
198,07-12-2022,Fabs Wasabi,RaceType.GREYHOUND_RACE,AUS,10.0,8.615384615384615,,Ballarat,0.8615384615384615
199,07-12-2022,Henchard,RaceType.HORSE_RACE,AUS,4.2,3.958229813664597,,Ascot,0.942435669920142
200,07-12-2022,Kapanku,RaceType.HORSE_RACE,AUS,7.5,7.32843137254902,,Sandown,0.977124183006536
201,07-12-2022,Knights Templar,RaceType.TROT_RACE,AUS,6.0,5.529113924050633,,Ballarat,0.9215189873417722
202,07-12-2022,Labby Rock,RaceType.HORSE_RACE,AUS,8.0,6.080239520958084,,Launceston,0.7600299401197605
203,07-12-2022,Midnight Holly,RaceType.GREYHOUND_RACE,AUS,7.5,7.5,,Townsville,1.0
204,07-12-2022,Minor Ash,RaceType.GREYHOUND_RACE,AUS,2.05,2.025555555555556,,Ballarat,0.9880758807588079
205,07-12-2022,Nick The Quick,RaceType.GREYHOUND_RACE,AUS,1.7,1.6721495327102804,,Darwin,0.9836173721825179
206,07-12-2022,Punk Princess,RaceType.HORSE_RACE,AUS,5.0,4.812264150943396,,Launceston,0.9624528301886792
207,07-12-2022,Rawhide Hand,RaceType.GREYHOUND_RACE,AUS,9.0,8.114285714285714,,Traralgon,0.9015873015873015
208,07-12-2022,Rocknholme,RaceType.TROT_RACE,AUS,6.0,5.85,,Redcliffe,0.975
209,07-12-2022,Stopped Short,RaceType.GREYHOUND_RACE,AUS,2.45,2.358965517241379,,Ballarat,0.9628430682617873
210,07-12-2022,Susieq Shannon,RaceType.TROT_RACE,AUS,3.0,2.958823529411765,,Bathurst,0.9862745098039216
211,07-12-2022,Terryrama,RaceType.TROT_RACE,AUS,3.4,3.3063636363636366,,Bathurst,0.9724598930481284
212,07-12-2022,Tommys Luck,RaceType.TROT_RACE,AUS,7.5,7.202429149797571,,Bathurst,0.9603238866396762
213,08-01-2023,Aston Chaffy,RaceType.GREYHOUND_RACE,AUS,3.7,3.512962962962963,,Murray Bridge,0.9494494494494494
214,08-01-2023,Better Boogie,RaceType.HORSE_RACE,USA,7.0,6.515151515151516,,Charles Town,0.9307359307359307
215,08-01-2023,Big Wednesday,RaceType.GREYHOUND_RACE,AUS,3.5,3.315909090909091,,Albion Park,0.9474025974025974
216,08-01-2023,Black Daniels,RaceType.GREYHOUND_RACE,AUS,3.7,3.475,,Richmond,0.9391891891891891
217,08-01-2023,Blink You Lose,RaceType.GREYHOUND_RACE,AUS,6.0,5.67,,Grafton,0.945
218,08-01-2023,Christines Cosmo,RaceType.HORSE_RACE,USA,10.0,9.25,,Charles Town,0.925
219,08-01-2023,Deal An Ace,RaceType.HORSE_RACE,AUS,10.0,8.058823529411764,,Sunshine Coast,0.8058823529411765
220,08-01-2023,Elected,RaceType.HORSE_RACE,AUS,7.0,6.627272727272727,,Sunshine Coast,0.9467532467532467
221,08-01-2023,Emerald Ability,RaceType.GREYHOUND_RACE,AUS,10.0,9.16,,Albion Park,0.916
222,08-01-2023,Jungle Beast,RaceType.HORSE_RACE,USA,1.9,1.5,,Charles Town,0.7894736842105263
223,08-01-2023,Lifes A Vision,RaceType.GREYHOUND_RACE,AUS,8.0,7.5875,,Albion Park,0.9484375
224,08-01-2023,Miss Corey,RaceType.HORSE_RACE,USA,4.8,4.5312056737588655,,Charles Town,0.944001182033097
225,08-01-2023,Miss Wave,RaceType.HORSE_RACE,USA,6.5,6.08,,Charles Town,0.9353846153846154
226,08-01-2023,Myka,RaceType.GREYHOUND_RACE,AUS,3.5,3.08,,Capalaba,0.88
227,08-01-2023,Ocean Lilly,RaceType.HORSE_RACE,USA,8.0,5.571428571428571,,Charles Town,0.6964285714285714
228,08-01-2023,Off The Radar,RaceType.GREYHOUND_RACE,AUS,2.4,2.225774647887324,,Bendigo,0.9274061032863851
229,08-01-2023,Orara Dan,RaceType.GREYHOUND_RACE,AUS,4.8,4.55,,Grafton,0.9479166666666666
230,08-01-2023,Ready For Better,RaceType.HORSE_RACE,AUS,4.4,4.170588235294118,,Sunshine Coast,0.9478609625668449
231,08-01-2023,Roxy Eggnog,RaceType.GREYHOUND_RACE,AUS,10.0,9.478571428571428,,Bendigo,0.9478571428571427
232,08-01-2023,Ryley Major,RaceType.TROT_RACE,AUS,10.0,9.465957446808511,,Hobart,0.9465957446808512
233,08-01-2023,Showdown,RaceType.GREYHOUND_RACE,AUS,9.0,8.37142857142857,,Grafton,0.93015873015873
234,08-01-2023,The Rooster,RaceType.HORSE_RACE,AUS,5.0,4.683333333333334,,Mornington,0.9366666666666668
235,08-01-2023,Thunderinreadyrick,RaceType.HORSE_RACE,USA,3.9,3.625,,Charles Town,0.9294871794871795
236,08-01-2023,Tranquil Bay,RaceType.HORSE_RACE,AUS,4.8,4.529090909090909,,Sunshine Coast,0.9435606060606061
237,08-01-2023,Trianon,RaceType.HORSE_RACE,AUS,7.5,6.233333333333333,,Nowra,0.8311111111111111
238,08-01-2023,Waikarie Peg,RaceType.GREYHOUND_RACE,AUS,5.5,5.174418604651162,,Albion Park,0.9408033826638477
239,08-01-2023,Warrioress,RaceType.HORSE_RACE,AUS,1.65,1.466896551724138,,Sunshine Coast,0.8890282131661442
240,08-01-2023,Wildash Venus,RaceType.GREYHOUND_RACE,AUS,10.0,9.36842105263158,,Albion Park,0.936842105263158
241,08-01-2023,Wow Hows That,RaceType.GREYHOUND_RACE,AUS,7.5,7.05,,Bendigo,0.94
242,08-12-2022,After Hours,RaceType.GREYHOUND_RACE,AUS,3.0,2.9366666666666665,,Warragul,0.9788888888888888
243,08-12-2022,Aikhal,RaceType.HORSE_RACE,AUS,8.0,7.616666666666666,,Warrnambool,0.9520833333333333
244,08-12-2022,Ausvardia,RaceType.HORSE_RACE,AUS,7.5,7.266666666666667,,Warrnambool,0.9688888888888889
245,08-12-2022,Behind Greywalls,RaceType.GREYHOUND_RACE,AUS,5.5,5.090909090909091,,Warragul,0.9256198347107438
246,08-12-2022,Block Busted,RaceType.GREYHOUND_RACE,AUS,2.8,2.7586363636363638,,Warragul,0.9852272727272728
247,08-12-2022,Boomsong,RaceType.HORSE_RACE,AUS,3.1,2.915959595959596,,Wyong,0.9406321277289018
248,08-12-2022,Crooked Fellow,RaceType.HORSE_RACE,USA,5.5,5.213559322033898,,Remington Park,0.947919876733436
249,08-12-2022,Dembe,RaceType.GREYHOUND_RACE,AUS,10.0,10.030303030303031,,Addington,1.0030303030303032
250,08-12-2022,Francine,RaceType.HORSE_RACE,AUS,10.0,9.705263157894738,,Warrnambool,0.9705263157894738
251,08-12-2022,Goldstar Linda,RaceType.GREYHOUND_RACE,AUS,2.45,2.401302931596091,,Addington,0.9801236455494249
252,08-12-2022,Kazio,RaceType.HORSE_RACE,AUS,10.0,9.64,,Warrnambool,0.9640000000000001
253,08-12-2022,Keayang Sponge Bob,RaceType.TROT_RACE,AUS,2.4,2.0727272727272728,,Redcliffe,0.8636363636363636
254,08-12-2022,Loves To Talk,RaceType.GREYHOUND_RACE,AUS,10.0,9.484615384615385,,Gunnedah,0.9484615384615385
255,08-12-2022,Lumin,RaceType.HORSE_RACE,AUS,10.0,9.68,,Warrnambool,0.968
256,08-12-2022,Maxima,RaceType.GREYHOUND_RACE,AUS,10.0,9.433333333333334,,Addington,0.9433333333333334
257,08-12-2022,Midas Prince,RaceType.HORSE_RACE,AUS,5.5,5.66875,,Warrnambool,1.0306818181818183
258,08-12-2022,Mistys Fool,RaceType.HORSE_RACE,USA,5.5,4.845454545454546,,Remington Park,0.8809917355371901
259,08-12-2022,Musical Millie,RaceType.HORSE_RACE,USA,5.5,5.5,,Remington Park,1.0
260,08-12-2022,Mustangmagna,RaceType.HORSE_RACE,USA,6.5,6.2,,Remington Park,0.9538461538461539
261,08-12-2022,Opawa Kyle,RaceType.GREYHOUND_RACE,AUS,5.5,5.18,,Addington,0.9418181818181818
262,08-12-2022,Playing It Safe,RaceType.HORSE_RACE,AUS,8.0,7.770588235294118,,Warrnambool,0.9713235294117647
263,08-12-2022,Quick Entry,RaceType.HORSE_RACE,USA,5.0,4.714285714285714,,Mountaineer Park,0.9428571428571428
264,08-12-2022,Red October,RaceType.HORSE_RACE,USA,4.4,4.25,,Delta Downs,0.9659090909090908
265,08-12-2022,Sassolino,RaceType.HORSE_RACE,AUS,4.6,4.493142857142857,,Warrnambool,0.9767701863354038
266,08-12-2022,Schnoots,RaceType.HORSE_RACE,AUS,3.1,3.037381329113924,,Geraldton,0.979800428746427
267,08-12-2022,Silverscape,RaceType.HORSE_RACE,USA,4.0,3.8289473684210527,,Remington Park,0.9572368421052632
268,08-12-2022,Sir Smitty,RaceType.HORSE_RACE,AUS,6.0,5.665909090909091,,Wyong,0.9443181818181818
269,08-12-2022,Spitfire,RaceType.HORSE_RACE,AUS,2.45,2.38576923076923,,Wyong,0.9737833594976449
270,08-12-2022,Squillions,RaceType.HORSE_RACE,USA,3.2,3.072,,Remington Park,0.96
271,08-12-2022,Tipple Valley,RaceType.GREYHOUND_RACE,AUS,2.9,2.812,,Casino,0.9696551724137931
272,08-12-2022,Toffee Street,RaceType.HORSE_RACE,AUS,3.5,3.3963414634146343,,Warrnambool,0.9703832752613241
273,08-12-2022,Wiradjuri Queen,RaceType.GREYHOUND_RACE,AUS,3.7,3.641071428571428,,Gunnedah,0.9840733590733588
274,09-01-2023,All Beans,RaceType.HORSE_RACE,AUS,10.0,9.44,,Taree,0.944
275,09-01-2023,Aston Delight,RaceType.GREYHOUND_RACE,AUS,4.2,3.911111111111112,,Ballarat,0.9312169312169314
276,09-01-2023,Blazing Tokyo,RaceType.GREYHOUND_RACE,AUS,2.3,2.152142857142857,,Nowra,0.9357142857142858
277,09-01-2023,Chappys Girl,RaceType.GREYHOUND_RACE,AUS,2.5,2.368888888888889,,Ballarat,0.9475555555555555
278,09-01-2023,Charlie Brother,RaceType.GREYHOUND_RACE,AUS,6.0,5.65,,Angle Park,0.9416666666666668
279,09-01-2023,Cyberpunk Wave,RaceType.GREYHOUND_RACE,AUS,3.0,2.841875,,Richmond,0.9472916666666666
280,09-01-2023,Cynic,RaceType.HORSE_RACE,AUS,10.0,9.434782608695652,,Taree,0.9434782608695652
281,09-01-2023,El Awoman,RaceType.TROT_RACE,AUS,4.6,4.366666666666666,,Globe Derby,0.9492753623188406
282,09-01-2023,El Bromista,RaceType.HORSE_RACE,USA,6.0,4.5,,Golden Gate Fields,0.75
283,09-01-2023,Empire Rolls On,RaceType.GREYHOUND_RACE,AUS,8.5,7.677777777777778,,Ipswich,0.9032679738562092
284,09-01-2023,Exit Sign,RaceType.GREYHOUND_RACE,AUS,8.0,7.45,,Ballarat,0.93125
285,09-01-2023,Freskos Art,RaceType.TROT_RACE,AUS,1.35,1.28,,Wagga,0.9481481481481481
286,09-01-2023,Gai Water Star,RaceType.GREYHOUND_RACE,AUS,4.2,3.965,,Traralgon,0.944047619047619
287,09-01-2023,Glitter Strip,RaceType.TROT_RACE,AUS,10.0,9.15,,Wagga,0.915
288,09-01-2023,Goldstar Darwin,RaceType.GREYHOUND_RACE,AUS,7.5,6.254676258992806,,Addington,0.8339568345323741
289,09-01-2023,Guy Looks Good,RaceType.TROT_RACE,AUS,4.8,4.550000000000001,,Wagga,0.9479166666666669
290,09-01-2023,Halloween,RaceType.TROT_RACE,AUS,10.0,8.836363636363638,,Wagga,0.8836363636363638
291,09-01-2023,Hilltop Surfer,RaceType.TROT_RACE,AUS,1.75,1.612705314009662,,Globe Derby,0.9215458937198069
292,09-01-2023,Hot Sky,RaceType.GREYHOUND_RACE,AUS,2.25,2.133636363636364,,Angle Park,0.9482828282828285
293,09-01-2023,Ima Workinclassman,RaceType.TROT_RACE,AUS,6.0,5.6000000000000005,,Globe Derby,0.9333333333333335
294,09-01-2023,Ivanka Tea,RaceType.GREYHOUND_RACE,AUS,8.0,7.4222222222222225,,Shepparton,0.9277777777777778
295,09-01-2023,Know Intent,RaceType.GREYHOUND_RACE,AUS,2.05,1.880555555555556,,Addington,0.9173441734417347
296,09-01-2023,Latrell,RaceType.GREYHOUND_RACE,AUS,2.2,2.083870967741936,,Albion Park,0.9472140762463345
297,09-01-2023,Market Scooby,RaceType.GREYHOUND_RACE,AUS,4.2,3.75,,Shepparton,0.8928571428571428
298,09-01-2023,Mr Fitty,RaceType.GREYHOUND_RACE,AUS,7.0,6.641860465116279,,Ballarat,0.9488372093023256
299,09-01-2023,Nighthawk Angel,RaceType.GREYHOUND_RACE,AUS,4.8,4.54375,,Addington,0.9466145833333334
300,09-01-2023,Perfect Skipper,RaceType.GREYHOUND_RACE,AUS,4.2,3.96,,Ipswich,0.9428571428571428
301,09-01-2023,Rebels Spark,RaceType.GREYHOUND_RACE,AUS,4.6,4.2625,,Warrnambool,0.9266304347826088
302,09-01-2023,Rinnero,RaceType.HORSE_RACE,AUS,8.0,7.545664739884393,,Taree,0.9432080924855492
303,09-01-2023,Rocknroll Yankee,RaceType.TROT_RACE,AUS,5.0,4.7,,Globe Derby,0.9400000000000001
304,09-01-2023,Rodeo Legend,RaceType.HORSE_RACE,AUS,10.0,9.457142857142856,,Taree,0.9457142857142855
305,09-01-2023,Roll Along Jane,RaceType.TROT_RACE,AUS,5.5,5.219672131147541,,Wagga,0.9490312965722801
306,09-01-2023,Shady Jess,RaceType.TROT_RACE,AUS,3.7,3.428571428571429,,Wagga,0.9266409266409267
307,09-01-2023,Spearhead,RaceType.TROT_RACE,AUS,7.5,7.066666666666666,,Globe Derby,0.9422222222222222
308,09-01-2023,Tin Lizzy,RaceType.GREYHOUND_RACE,AUS,3.6,3.389772727272727,,Addington,0.9416035353535352
309,09-01-2023,Trigger,RaceType.TROT_RACE,AUS,6.5,6.08,,Globe Derby,0.9353846153846154
310,10-01-2023,Alta Queen,RaceType.TROT_RACE,AUS,3.4,2.63,,Gloucester Park,0.7735294117647059
311,10-01-2023,American Mandy,RaceType.TROT_RACE,AUS,3.3,3.056666666666666,,Tamworth,0.9262626262626261
312,10-01-2023,Big Ram,RaceType.GREYHOUND_RACE,AUS,10.0,9.257142857142858,,Townsville,0.9257142857142858
313,10-01-2023,Blue Rex,RaceType.GREYHOUND_RACE,AUS,2.05,1.934,,Ipswich,0.9434146341463415
314,10-01-2023,Bobs All In,RaceType.HORSE_RACE,USA,9.0,7.7555555555555555,,Turf Paradise,0.8617283950617284
315,10-01-2023,Bonnie Rico,RaceType.GREYHOUND_RACE,AUS,1.85,1.7227272727272729,,Ipswich,0.9312039312039312
316,10-01-2023,Cheetah Lodge,RaceType.TROT_RACE,AUS,5.5,4.687096774193548,,Albion Park,0.8521994134897359
317,10-01-2023,Coco Beach,RaceType.TROT_RACE,AUS,5.0,4.666666666666667,,Mildura,0.9333333333333333
318,10-01-2023,Cool Sita,RaceType.TROT_RACE,AUS,2.6,1.6776940133037692,,Mildura,0.6452669281937574
319,10-01-2023,Crimosa,RaceType.HORSE_RACE,AUS,4.2,3.928225806451613,,Albury,0.9352918586789554
320,10-01-2023,Dont Need Bling,RaceType.TROT_RACE,AUS,8.5,8.0,,Menangle,0.9411764705882353
321,10-01-2023,Eagle Uno,RaceType.TROT_RACE,AUS,5.0,4.677777777777778,,Tamworth,0.9355555555555556
322,10-01-2023,Elite Choice,RaceType.GREYHOUND_RACE,AUS,4.6,4.368421052631579,,Gosford,0.9496567505720824
323,10-01-2023,Fend Them Off,RaceType.GREYHOUND_RACE,AUS,7.0,6.566666666666667,,Horsham,0.9380952380952382
324,10-01-2023,Five Ounce,RaceType.HORSE_RACE,AUS,7.5,7.12,,Yarra Valley,0.9493333333333334
325,10-01-2023,Grannys Poor,RaceType.GREYHOUND_RACE,AUS,7.5,6.957505773672056,,Warragul,0.9276674364896074
326,10-01-2023,Heza Western,RaceType.TROT_RACE,AUS,4.2,3.968,,Mildura,0.9447619047619047
327,10-01-2023,Idle Fancy,RaceType.HORSE_RACE,AUS,7.5,6.652772466539196,,Albury,0.8870363288718929
328,10-01-2023,Indy Korie,RaceType.GREYHOUND_RACE,AUS,8.5,8.0375,,Horsham,0.9455882352941176
329,10-01-2023,Isa Belle,RaceType.GREYHOUND_RACE,AUS,5.0,4.7444444444444445,,Townsville,0.9488888888888889
330,10-01-2023,Jamie Tartt,RaceType.GREYHOUND_RACE,AUS,9.0,8.4,,Ipswich,0.9333333333333333
331,10-01-2023,Kaseys Money,RaceType.GREYHOUND_RACE,AUS,2.1,1.9755555555555555,,Ipswich,0.9407407407407407
332,10-01-2023,Louisiana Freedom,RaceType.TROT_RACE,AUS,9.0,8.416666666666666,,Menangle,0.9351851851851851
333,10-01-2023,Mac Stubborn,RaceType.TROT_RACE,AUS,6.5,6.072881355932204,,Tamworth,0.9342894393741853
334,10-01-2023,Major Mischief,RaceType.TROT_RACE,AUS,6.0,5.543478260869565,,Albion Park,0.9239130434782609
335,10-01-2023,Maximum Brooke,RaceType.GREYHOUND_RACE,AUS,6.5,6.173913043478261,,Horsham,0.9498327759197325
336,10-01-2023,Mister Woodport,RaceType.TROT_RACE,AUS,4.2,3.959375,,Albion Park,0.9427083333333333
337,10-01-2023,Moreartsthanclass,RaceType.TROT_RACE,AUS,10.0,9.428571428571429,,Mildura,0.9428571428571428
338,10-01-2023,Nitro Harvey,RaceType.GREYHOUND_RACE,AUS,2.4,2.279285714285714,,Launceston,0.9497023809523808
339,10-01-2023,Notorious Diesel,RaceType.GREYHOUND_RACE,AUS,1.9,1.7746666666666666,,Geelong,0.9340350877192982
340,10-01-2023,Parallel,RaceType.TROT_RACE,AUS,2.1,1.9194029850746268,,Menangle,0.914001421464108
341,10-01-2023,Petina,RaceType.GREYHOUND_RACE,AUS,10.0,9.2,,Murray Bridge,0.9199999999999999
342,10-01-2023,Princess Damiro,RaceType.GREYHOUND_RACE,AUS,2.6,2.469767441860465,,Ipswich,0.9499105545617174
343,10-01-2023,Rage Quit,RaceType.GREYHOUND_RACE,AUS,4.6,4.359999999999999,,Murray Bridge,0.9478260869565217
344,10-01-2023,Raw Honey,RaceType.GREYHOUND_RACE,AUS,2.15,2.0145945945945947,,Grafton,0.9370207416719045
345,10-01-2023,Semi Precious,RaceType.GREYHOUND_RACE,AUS,10.0,9.212,,Launceston,0.9212
346,10-01-2023,Sheza Tigeress,RaceType.TROT_RACE,AUS,10.0,9.085106382978724,,Tamworth,0.9085106382978724
347,10-01-2023,Soleil,RaceType.GREYHOUND_RACE,AUS,3.9,3.658536585365854,,Addington,0.9380863039399625
348,10-01-2023,Son Of Bielski,RaceType.HORSE_RACE,AUS,8.5,7.942857142857143,,Yarra Valley,0.934453781512605
349,10-01-2023,Sporting Tristar,RaceType.TROT_RACE,AUS,10.0,9.385714285714284,,Tamworth,0.9385714285714284
350,10-01-2023,The Black Strat,RaceType.HORSE_RACE,USA,6.0,5.405485232067511,,Turf Paradise,0.9009142053445851
351,10-01-2023,The Last Drop,RaceType.TROT_RACE,AUS,5.0,4.659999999999999,,Gloucester Park,0.9319999999999998
352,10-01-2023,Trixie Kade,RaceType.GREYHOUND_RACE,AUS,1.5,1.4157142857142857,,Temora,0.9438095238095238
353,10-01-2023,Turin,RaceType.HORSE_RACE,AUS,4.6,4.138325991189428,,Yarra Valley,0.8996360850411801
354,10-01-2023,Valentines Brook,RaceType.TROT_RACE,AUS,1.85,1.7555555555555555,,Gloucester Park,0.9489489489489489
355,11-01-2023,Big Time Lotus,RaceType.GREYHOUND_RACE,AUS,8.0,7.458823529411765,1.2,Manawatu,0.9323529411764706
356,11-01-2023,Budding Caesar,RaceType.TROT_RACE,AUS,8.0,7.35,1.2,Bathurst,0.91875
357,11-01-2023,Burnt Jam,RaceType.GREYHOUND_RACE,AUS,5.5,5.022222222222222,1.8,Albion Park,0.9131313131313131
358,11-01-2023,Copacabana,RaceType.TROT_RACE,AUS,4.4,3.8689655172413793,2.3,Geelong,0.8793103448275861
359,11-01-2023,Dirty Grin,RaceType.HORSE_RACE,AUS,10.0,8.55,1.0,Sandown,0.8550000000000001
360,11-01-2023,Don Boston,RaceType.TROT_RACE,AUS,5.0,4.544859813084112,2.0,Bathurst,0.9089719626168223
361,11-01-2023,Dots Redeemer,RaceType.GREYHOUND_RACE,AUS,4.4,4.136,2.3,Ballarat,0.94
362,11-01-2023,Ee Jay Why,RaceType.TROT_RACE,AUS,6.0,5.125,1.7,Pinjarra,0.8541666666666666
363,11-01-2023,Galena Lad,RaceType.GREYHOUND_RACE,AUS,3.6,3.3521739130434782,2.8,Gawler,0.931159420289855
364,11-01-2023,Game One,RaceType.GREYHOUND_RACE,AUS,9.0,8.333333333333332,1.1,Albion Park,0.9259259259259258
365,11-01-2023,Girl,RaceType.HORSE_RACE,AUS,8.0,7.113364055299539,1.2,Sandown,0.8891705069124424
366,11-01-2023,Good Luck Bob,RaceType.HORSE_RACE,AUS,4.4,4.120689655172414,2.3,Devonport,0.9365203761755485
367,11-01-2023,Green Can Lad,RaceType.GREYHOUND_RACE,AUS,10.0,9.385714285714284,1.0,Traralgon,0.9385714285714284
368,11-01-2023,Has The Look,RaceType.HORSE_RACE,AUS,5.5,5.1571428571428575,,Devonport,0.9376623376623378
369,11-01-2023,Heavens Baby,RaceType.TROT_RACE,AUS,7.0,5.05,1.4,Redcliffe,0.7214285714285714
370,11-01-2023,Heza Galvinator,RaceType.TROT_RACE,AUS,10.0,9.288888888888888,1.0,Redcliffe,0.9288888888888888
371,11-01-2023,Kanji Uganda,RaceType.GREYHOUND_RACE,AUS,3.4,3.04375,2.9,Ballarat,0.8952205882352942
372,11-01-2023,Lalaguna,RaceType.HORSE_RACE,AUS,5.5,5.103956834532374,1.8,Warwick Farm,0.927992151733159
373,11-01-2023,Lara Tiara,RaceType.TROT_RACE,AUS,6.5,5.941304347826087,1.5,Bathurst,0.9140468227424748
374,11-01-2023,Major Ando,RaceType.GREYHOUND_RACE,AUS,2.6,2.4433333333333334,3.8,Richmond,0.9397435897435897
375,11-01-2023,Major Tralee,RaceType.TROT_RACE,AUS,4.8,4.476923076923077,2.1,Redcliffe,0.9326923076923077
376,11-01-2023,Moody Girl,RaceType.GREYHOUND_RACE,AUS,7.5,6.7,1.3,Traralgon,0.8933333333333333
377,11-01-2023,Pie Party,RaceType.HORSE_RACE,AUS,7.5,7.043356643356644,,Doomben,0.9391142191142191
378,11-01-2023,Red Cadillac,RaceType.HORSE_RACE,AUS,10.0,9.3,1.0,Belmont,0.93
379,11-01-2023,Reformist,RaceType.HORSE_RACE,AUS,4.4,4.029787234042553,2.3,Warwick Farm,0.9158607350096711
380,11-01-2023,Rising Light,RaceType.HORSE_RACE,AUS,10.0,9.25,1.0,Devonport,0.925
381,11-01-2023,Russian Sub,RaceType.GREYHOUND_RACE,AUS,10.0,9.21818181818182,1.0,Ballarat,0.9218181818181821
382,11-01-2023,Shian Ned,RaceType.GREYHOUND_RACE,AUS,4.8,4.416666666666667,2.1,Rockhampton,0.920138888888889
383,11-01-2023,Sketchy Deliver,RaceType.GREYHOUND_RACE,AUS,4.6,4.28,,Taree,0.9304347826086958
384,11-01-2023,Sooky Lala,RaceType.GREYHOUND_RACE,AUS,7.5,6.975,1.3,Richmond,0.9299999999999999
385,11-01-2023,Spicey Major,RaceType.TROT_RACE,AUS,2.6,2.1650666666666667,3.8,Geelong,0.8327179487179487
386,11-01-2023,Stranger Within,RaceType.GREYHOUND_RACE,AUS,6.5,5.987500000000001,1.5,Cannington,0.9211538461538462
387,11-01-2023,Suprina,RaceType.HORSE_RACE,AUS,9.0,8.425,1.1,Warwick Farm,0.9361111111111112
388,11-01-2023,War Hammer,RaceType.GREYHOUND_RACE,AUS,8.0,7.24070796460177,,Taree,0.9050884955752212
389,11-01-2023,Way Too Soft,RaceType.GREYHOUND_RACE,AUS,5.0,4.6923076923076925,,Gawler,0.9384615384615385
390,11-01-2023,Weona Sir Vivor,RaceType.TROT_RACE,AUS,5.5,5.045161290322581,1.8,Bathurst,0.9173020527859239
391,12-01-2023,Agera,RaceType.GREYHOUND_RACE,AUS,10.0,9.388235294117646,1.0,Angle Park,0.9388235294117646
392,12-01-2023,Ammicchi,RaceType.TROT_RACE,AUS,10.0,8.879999999999999,1.0,Globe Derby,0.8879999999999999
393,12-01-2023,Bang On Blue,RaceType.GREYHOUND_RACE,AUS,7.5,6.8,1.3,Shepparton,0.9066666666666666
394,12-01-2023,Belles Echo,RaceType.HORSE_RACE,AUS,3.2,2.976086956521739,3.1,Wanganui,0.9300271739130435
395,12-01-2023,Black Panda,RaceType.HORSE_RACE,USA,6.5,5.0875,1.5,Charles Town,0.7826923076923078
396,12-01-2023,Boasting,RaceType.HORSE_RACE,AUS,4.6,4.306976744186047,2.2,Wanganui,0.936299292214358
397,12-01-2023,Bugatti Angel,RaceType.GREYHOUND_RACE,AUS,3.8,3.5666666666666664,2.6,Casino,0.9385964912280702
398,12-01-2023,Bushmans Prayer,RaceType.GREYHOUND_RACE,AUS,3.4,3.125,2.9,Shepparton,0.9191176470588236
399,12-01-2023,Cairo Boogie,RaceType.HORSE_RACE,USA,10.0,9.05,1.0,Penn National,0.905
400,12-01-2023,Cees Get Degrees,RaceType.HORSE_RACE,USA,1.5,1.2635294117647058,6.7,Penn National,0.8423529411764705
401,12-01-2023,Dannys Winkster,RaceType.HORSE_RACE,USA,3.9,3.52,2.6,Charles Town,0.9025641025641026
402,12-01-2023,Diversify,RaceType.GREYHOUND_RACE,AUS,10.0,9.32258064516129,1.0,Shepparton,0.932258064516129
403,12-01-2023,Dona Amalia,RaceType.TROT_RACE,AUS,7.0,6.536842105263158,1.4,Bendigo,0.9338345864661655
404,12-01-2023,Elanga,RaceType.GREYHOUND_RACE,AUS,2.25,2.106153846153846,4.4,Shepparton,0.936068376068376
405,12-01-2023,Elegant Taste,RaceType.HORSE_RACE,USA,4.0,3.0492857142857144,2.5,Penn National,0.7623214285714286
406,12-01-2023,Factotum,RaceType.HORSE_RACE,USA,3.2,2.9164776119402984,3.1,Penn National,0.9113992537313432
407,12-01-2023,Funky Felix,RaceType.GREYHOUND_RACE,AUS,10.0,8.712903225806452,1.0,Shepparton,0.8712903225806452
408,12-01-2023,Grab The Gold,RaceType.HORSE_RACE,USA,6.0,5.525,1.7,Penn National,0.9208333333333334
409,12-01-2023,Gunai Redeemer,RaceType.GREYHOUND_RACE,AUS,3.2,3.0008870967741936,3.1,Shepparton,0.9377772177419355
410,12-01-2023,Hashtag Winning,RaceType.HORSE_RACE,USA,9.0,8.44,1.1,Penn National,0.9377777777777777
411,12-01-2023,He Came True,RaceType.HORSE_RACE,USA,8.5,7.9,1.2,Penn National,0.9294117647058824
412,12-01-2023,Highway Queen,RaceType.HORSE_RACE,USA,9.0,8.130769230769232,1.1,Penn National,0.9034188034188035
413,12-01-2023,Im A Lawyer,RaceType.GREYHOUND_RACE,AUS,3.9,3.6052631578947367,2.6,Shepparton,0.9244264507422402
414,12-01-2023,Judge Jujon,RaceType.TROT_RACE,AUS,8.0,7.453333333333333,1.2,Redcliffe,0.9316666666666666
415,12-01-2023,Knobiesmagicsonde,RaceType.HORSE_RACE,USA,8.0,7.52,1.2,Charles Town,0.94
416,12-01-2023,Lektra Sammy,RaceType.GREYHOUND_RACE,AUS,4.8,4.444444444444445,2.1,Shepparton,0.925925925925926
417,12-01-2023,Manolito,RaceType.HORSE_RACE,USA,4.2,3.706374501992032,2.4,Charles Town,0.8824701195219123
418,12-01-2023,Mrs Chinn,RaceType.GREYHOUND_RACE,AUS,10.0,9.375,1.0,Addington,0.9375
419,12-01-2023,My Golden Eagle,RaceType.TROT_RACE,AUS,4.8,4.472727272727273,2.1,Globe Derby,0.9318181818181819
420,12-01-2023,Nordic Dancer,RaceType.HORSE_RACE,USA,8.0,7.457142857142857,1.2,Charles Town,0.9321428571428572
421,12-01-2023,Orson King,RaceType.GREYHOUND_RACE,AUS,2.5,1.8311111111111111,4.0,Shepparton,0.7324444444444445
422,12-01-2023,Perkeo,RaceType.HORSE_RACE,USA,8.0,7.44,1.2,Penn National,0.93
423,12-01-2023,Pipeline Icon,RaceType.GREYHOUND_RACE,AUS,3.5,3.0723076923076924,2.9,Shepparton,0.8778021978021978
424,12-01-2023,Ready And Rich,RaceType.HORSE_RACE,USA,10.0,9.385294117647058,1.0,Penn National,0.9385294117647058
425,12-01-2023,Redleg Bull Ant,RaceType.GREYHOUND_RACE,AUS,8.5,7.837499999999999,1.2,Shepparton,0.9220588235294116
426,12-01-2023,Rocket Blast,RaceType.HORSE_RACE,USA,10.0,8.511111111111111,1.0,Penn National,0.8511111111111112
427,12-01-2023,Romeo,RaceType.GREYHOUND_RACE,AUS,5.5,5.166666666666667,1.8,Addington,0.9393939393939394
428,12-01-2023,Round Robin,RaceType.HORSE_RACE,USA,5.0,3.687096774193548,2.0,Penn National,0.7374193548387096
429,12-01-2023,Rubikai,RaceType.HORSE_RACE,AUS,5.5,5.149333333333333,1.8,Pakenham,0.9362424242424242
430,12-01-2023,Santafe Express,RaceType.HORSE_RACE,USA,10.0,8.85,1.0,Penn National,0.885
431,12-01-2023,Sefton Heights,RaceType.GREYHOUND_RACE,AUS,2.5,2.31,4.0,Addington,0.924
432,12-01-2023,Shaime,RaceType.HORSE_RACE,AUS,2.8,2.6271604938271604,3.6,Pakenham,0.9382716049382717
433,12-01-2023,Sir Lucas,RaceType.TROT_RACE,AUS,4.4,4.06,2.3,Globe Derby,0.9227272727272726
434,12-01-2023,Smoking Yogi,RaceType.GREYHOUND_RACE,AUS,4.4,4.02,2.3,Hobart,0.9136363636363635
435,12-01-2023,Spring Harbour,RaceType.GREYHOUND_RACE,AUS,10.0,9.25,1.0,Angle Park,0.925
436,12-01-2023,Sweet T,RaceType.HORSE_RACE,USA,8.5,7.963636363636364,1.2,Charles Town,0.9368983957219251
437,12-01-2023,Tahi Tama,RaceType.HORSE_RACE,AUS,6.5,5.95,1.5,Wanganui,0.9153846153846155
438,12-01-2023,Tone Of Genius,RaceType.HORSE_RACE,USA,8.5,7.166666666666666,1.2,Penn National,0.8431372549019607
439,12-01-2023,Trigger Happy,RaceType.HORSE_RACE,AUS,4.6,4.283870967741935,2.2,Wanganui,0.9312762973352033
440,12-01-2023,Trustworthy,RaceType.HORSE_RACE,AUS,10.0,9.20242424242424,1.0,Wanganui,0.920242424242424
441,12-01-2023,Turnaway,RaceType.HORSE_RACE,AUS,8.0,7.29179104477612,1.2,Gunnedah,0.911473880597015
442,12-01-2023,Uri Bale,RaceType.GREYHOUND_RACE,AUS,4.0,3.717391304347826,2.5,Addington,0.9293478260869565
443,12-01-2023,Wesright,RaceType.HORSE_RACE,USA,3.7,3.316,2.7,Charles Town,0.8962162162162162
444,12-01-2023,Whata Terror,RaceType.TROT_RACE,AUS,3.0,2.620754716981132,3.3,Redcliffe,0.8735849056603774
445,12-01-2023,Win For Laila,RaceType.HORSE_RACE,USA,9.0,8.125,1.1,Penn National,0.9027777777777778
446,14-12-2022,Ashlee Nitro,RaceType.TROT_RACE,AUS,7.5,7.168627450980392,,Redcliffe,0.9558169934640522
447,14-12-2022,Baby Thor,RaceType.GREYHOUND_RACE,AUS,6.5,6.32,,Rockhampton,0.9723076923076923
448,14-12-2022,Call Me Kiah,RaceType.GREYHOUND_RACE,AUS,2.8,2.73,,Ballarat,0.9750000000000001
449,14-12-2022,Coulter Bale,RaceType.GREYHOUND_RACE,AUS,5.0,4.712646370023419,,Traralgon,0.9425292740046839
450,14-12-2022,Heres Caza,RaceType.GREYHOUND_RACE,AUS,7.5,7.27,,Capalaba,0.9693333333333333
451,14-12-2022,I Am Pearl,RaceType.HORSE_RACE,AUS,9.0,8.780000000000001,,Doomben,0.9755555555555557
452,14-12-2022,Kezzamac,RaceType.TROT_RACE,AUS,4.4,99995.0,,Bathurst,22726.13636363636
453,14-12-2022,Lady Joker,RaceType.HORSE_RACE,AUS,7.5,7.394495412844037,,Launceston,0.9859327217125383
454,14-12-2022,Lazio Lass,RaceType.TROT_RACE,AUS,3.9,3.655,,Swan Hill,0.9371794871794872
455,14-12-2022,Louie,RaceType.GREYHOUND_RACE,AUS,1.85,1.8411111111111111,,The Meadows,0.9951951951951952
456,14-12-2022,My Buddy B,RaceType.HORSE_RACE,USA,2.2,2.113913043478261,,Mountaineer Park,0.9608695652173913
457,14-12-2022,Perfect Tyrant,RaceType.GREYHOUND_RACE,AUS,1.6,1.599955947136564,,Capalaba,0.9999724669603525
458,14-12-2022,Rothwell Random,RaceType.GREYHOUND_RACE,AUS,2.25,2.155,,Geelong,0.9577777777777777
459,14-12-2022,Scenic Eclipse,RaceType.HORSE_RACE,AUS,4.4,4.386111111111111,,Belmont,0.9968434343434343
460,14-12-2022,Shuffle Dancer,RaceType.HORSE_RACE,AUS,8.0,7.754773869346733,,Sandown,0.9693467336683417
461,14-12-2022,Triumph,RaceType.GREYHOUND_RACE,AUS,1.28,1.26098,,Ballarat,0.985140625
462,14-12-2022,Whats Up Honey,RaceType.HORSE_RACE,AUS,10.0,9.795744680851064,,Doomben,0.9795744680851064
463,14-12-2022,Yering Rose,RaceType.TROT_RACE,AUS,3.9,3.930357142857143,,Swan Hill,1.0077838827838828
464,15-12-2022,All That Magic,RaceType.HORSE_RACE,USA,2.25,2.231555555555556,,Penn National,0.9918024691358026
465,15-12-2022,Almighty Mack,RaceType.GREYHOUND_RACE,AUS,2.7,2.6100000000000003,,Warragul,0.9666666666666667
466,15-12-2022,Apollo One,RaceType.GREYHOUND_RACE,AUS,3.7,3.5928571428571425,,Shepparton,0.9710424710424709
467,15-12-2022,Attahua Ace,RaceType.TROT_RACE,AUS,4.6,4.125742574257425,,Tamworth,0.8969005596211795
468,15-12-2022,Ballon Bleu,RaceType.HORSE_RACE,AUS,8.0,8.049056603773584,,Hawkesbury,1.006132075471698
469,15-12-2022,Bears Estate,RaceType.HORSE_RACE,USA,7.5,7.256,,Mountaineer Park,0.9674666666666667
470,15-12-2022,Bubbas Bay,RaceType.HORSE_RACE,AUS,3.2,3.1348484848484848,,Hawkesbury,0.9796401515151515
471,15-12-2022,Cash Em In Shannon,RaceType.TROT_RACE,AUS,2.15,2.0696,,Tamworth,0.9626046511627907
472,15-12-2022,Centrestone,RaceType.HORSE_RACE,AUS,1.7,1.6852,,Ipswich,0.9912941176470589
473,15-12-2022,Emjay,RaceType.HORSE_RACE,USA,7.5,6.955555555555556,,Mountaineer Park,0.9274074074074075
474,15-12-2022,Ginger Rock,RaceType.HORSE_RACE,AUS,4.6,4.552564102564102,,Ipswich,0.9896878483835005
475,15-12-2022,I Came To Dance,RaceType.HORSE_RACE,USA,5.5,4.54,,Penn National,0.8254545454545454
476,15-12-2022,Jackies Irishdream,RaceType.HORSE_RACE,USA,5.5,4.733333333333333,,Delta Downs,0.8606060606060606
477,15-12-2022,Juliard Honor,RaceType.HORSE_RACE,USA,4.0,3.857692307692308,,Remington Park,0.964423076923077
478,15-12-2022,Kickstarter,RaceType.HORSE_RACE,USA,6.5,5.826086956521739,,Mountaineer Park,0.8963210702341138
479,15-12-2022,Mac Stubborn,RaceType.TROT_RACE,AUS,10.0,9.484615384615385,,Tamworth,0.9484615384615385
480,15-12-2022,Mission Belle,RaceType.HORSE_RACE,USA,6.5,6.5,,Delta Downs,1.0
481,15-12-2022,Reliant,RaceType.HORSE_RACE,USA,6.5,4.95,,Remington Park,0.7615384615384616
482,15-12-2022,Samaronti,RaceType.HORSE_RACE,USA,4.2,4.822033898305085,,Penn National,1.1481033091202582
483,15-12-2022,Scatamaran,RaceType.HORSE_RACE,USA,5.0,99995.0,,Delta Downs,19999.0
484,15-12-2022,Spirit Of Windsor,RaceType.HORSE_RACE,USA,2.25,2.236923076923077,,Mountaineer Park,0.9941880341880341
485,15-12-2022,Stay Humble,RaceType.GREYHOUND_RACE,AUS,4.4,4.292105263157895,,Gunnedah,0.9754784688995215
486,15-12-2022,Stella G,RaceType.HORSE_RACE,USA,3.8,99995.0,,Remington Park,26314.473684210527
487,15-12-2022,Sweet Laura,RaceType.HORSE_RACE,USA,6.0,5.726315789473684,,Delta Downs,0.9543859649122807
488,15-12-2022,Tat Yap,RaceType.GREYHOUND_RACE,AUS,2.25,2.3514285714285714,,Shepparton,1.045079365079365
489,15-12-2022,Voodoo Fella,RaceType.TROT_RACE,AUS,8.5,8.17222222222222,,Redcliffe,0.9614379084967318
490,15-12-2022,War Knee,RaceType.GREYHOUND_RACE,AUS,1.85,1.7655555555555555,,Warragul,0.9543543543543543
491,16-12-2022,Amuri Andy,RaceType.GREYHOUND_RACE,AUS,1.9,1.8903305785123967,,Addington,0.9949108307959983
492,16-12-2022,Art By Concorde,RaceType.HORSE_RACE,AUS,6.0,5.81766704416761,,Rockhampton,0.9696111740279351
493,16-12-2022,Bangkok Deejay,RaceType.TROT_RACE,AUS,5.0,4.506845238095238,,Albion Park,0.9013690476190476
494,16-12-2022,Bernardo Bowl,RaceType.GREYHOUND_RACE,AUS,4.2,4.10625,,Murray Bridge,0.9776785714285714
495,16-12-2022,Canya Razor,RaceType.GREYHOUND_RACE,AUS,1.75,1.758,,Murray Bridge,1.0045714285714287
496,16-12-2022,Cousin Winnie,RaceType.HORSE_RACE,USA,3.0,2.85,,Charles Town,0.9500000000000001
497,16-12-2022,Dried Pepper,RaceType.HORSE_RACE,USA,3.0,2.9754545454545456,,Delta Downs,0.9918181818181818
498,16-12-2022,Festival Dancer,RaceType.GREYHOUND_RACE,AUS,6.0,5.863636363636364,,Murray Bridge,0.9772727272727274
499,16-12-2022,Fort Knox,RaceType.HORSE_RACE,USA,9.0,99995.0,,Remington Park,11110.555555555555
500,16-12-2022,French Wish,RaceType.GREYHOUND_RACE,AUS,1.95,1.9361818181818184,,Murray Bridge,0.9929137529137531
501,16-12-2022,Goldies A Delight,RaceType.TROT_RACE,AUS,4.6,4.400531914893618,,Albion Park,0.9566373728029605
502,16-12-2022,Grab The Pizzas,RaceType.GREYHOUND_RACE,AUS,4.4,4.057142857142857,,Murray Bridge,0.9220779220779219
503,16-12-2022,Las Vegas Blvd,RaceType.HORSE_RACE,USA,10.0,7.514285714285714,,Charles Town,0.7514285714285714
504,16-12-2022,Laughintothebank,RaceType.HORSE_RACE,USA,1.65,1.6328571428571428,,Charles Town,0.9896103896103896
505,16-12-2022,Little Nosey,RaceType.GREYHOUND_RACE,AUS,5.5,5.235460992907802,,Addington,0.9519019987105094
506,16-12-2022,Mister Wayside,RaceType.HORSE_RACE,USA,2.35,2.3401785714285714,,Remington Park,0.9958206686930091
507,16-12-2022,Neptune,RaceType.TROT_RACE,AUS,6.0,5.525735294117647,,Alexandra Park,0.9209558823529411
508,16-12-2022,Old Malt,RaceType.GREYHOUND_RACE,AUS,2.05,2.0966666666666667,,Addington,1.0227642276422766
509,16-12-2022,Orrong Road,RaceType.HORSE_RACE,AUS,4.6,4.442465753424658,,Geelong,0.9657534246575344
510,16-12-2022,Piazza Minerva,RaceType.GREYHOUND_RACE,AUS,2.7,2.659148936170213,,Townsville,0.984869976359338
511,16-12-2022,Rons Brother,RaceType.GREYHOUND_RACE,AUS,5.0,4.825,,Ipswich,0.9650000000000001
512,16-12-2022,Rowdy River,RaceType.HORSE_RACE,USA,4.4,4.216666666666667,,Remington Park,0.9583333333333333
513,16-12-2022,Runaway Road,RaceType.HORSE_RACE,USA,3.5,3.2,,Charles Town,0.9142857142857144
514,16-12-2022,Ryan Express,RaceType.HORSE_RACE,USA,6.5,6.2,,Remington Park,0.9538461538461539
515,16-12-2022,Side Kick,RaceType.GREYHOUND_RACE,AUS,2.5,2.465,,Ipswich,0.986
516,16-12-2022,Stopped Short,RaceType.GREYHOUND_RACE,AUS,10.0,9.488888888888887,,Ballarat,0.9488888888888887
517,16-12-2022,Sweet Dynasty,RaceType.HORSE_RACE,USA,4.2,3.928571428571429,,Remington Park,0.935374149659864
518,16-12-2022,Tashkent,RaceType.HORSE_RACE,USA,3.0,99995.0,,Remington Park,33331.666666666664
519,16-12-2022,Tuapeka Lou,RaceType.TROT_RACE,AUS,4.2,4.415384615384615,,Addington,1.051282051282051
520,16-12-2022,Whiskey Reef,RaceType.GREYHOUND_RACE,AUS,3.0,2.9753846153846157,,Ballarat,0.9917948717948719
521,16-12-2022,Whisky Nip,RaceType.GREYHOUND_RACE,AUS,4.2,4.233333333333333,,Ballarat,1.007936507936508
522,16-12-2022,Yankee Indian,RaceType.HORSE_RACE,USA,2.45,2.340506329113924,,Remington Park,0.9553087057607853
